{
  "experiment": "E3",
  "timestamp": "2025-12-20T08:16:07.470688",
  "config": {
    "kappa_values": [
      1,
      10,
      100,
      1000
    ],
    "n_seeds": 3,
    "eta": 0.001,
    "rcond": 1e-08
  },
  "ng_consistency": {
    "kappa_10": 1.2052714150797192e-16,
    "kappa_100": 5.915970838210605e-14,
    "kappa_1000": 7.903922030038045e-11
  },
  "sgd_degradation": {
    "kappa_10": 0.0013813224195821548,
    "kappa_100": 0.015194546615403698,
    "kappa_1000": 0.15332678857361914
  },
  "ratio_at_1000": 1939882351.9629421
}