seed,branch,lambda,error
2,ordered,0.3,0.19069999999999998
2,ordered,0.35,0.18789999999999996
2,ordered,0.4,0.1896
2,ordered,0.45,0.18999999999999995
2,ordered,0.5,0.18769999999999998
2,ordered,0.55,0.18669999999999998
2,ordered,0.6,0.18620000000000003
2,ordered,0.65,0.1866
2,ordered,0.7,0.18500000000000005
2,collapse,0.7,0.9
2,collapse,0.65,0.9
2,collapse,0.6,0.9
2,collapse,0.55,0.9
2,collapse,0.5,0.9
2,collapse,0.45,0.9
2,collapse,0.4,0.9
2,collapse,0.35,0.9
2,collapse,0.3,0.9
